<?xml version="1.0" encoding="UTF-8"?>
<site>
   <feature url="features/de.tud.stg.tigerseye.feature.tigerseyeide_0.0.1.201107051227.jar" id="de.tud.stg.tigerseye.feature.tigerseyeide" version="0.0.1.201107051227">
      <category name="de.tud.stg.tigerseye.category.mandatory"/>
   </feature>
   <feature url="features/de.tud.stg.tigerseye.feature.exampleDSLs_0.0.1.201107051227.jar" id="de.tud.stg.tigerseye.feature.exampleDSLs" version="0.0.1.201107051227">
      <category name="de.tud.stg.tigerseye.category.exampledsls"/>
   </feature>
   <category-def name="de.tud.stg.tigerseye.category.mandatory" label="Tigerseye Mandatory">
      <description>
         Necessary plug-ins to run Tigerseye
      </description>
   </category-def>
   <category-def name="de.tud.stg.tigerseye.category.exampledsls" label="Example DSLs">
      <description>
         Predefined DSLs for Tigerseye.
      </description>
   </category-def>
</site>
